month,hotel_id,country,region,hotel_category,leads,revenue,leads_3m_mov_av,revenue_3m_mov_av,leads_3m_diff_abs,revenue_3m_diff_abs,leads_3m_diff_pct,revenue_3m_diff_pct,trend_3M_mov_av
2024-01-01,1,Spain,Mallorca,5 Star,143.0,80953.02,143.0,80953.02,,,,,Trend not possible
2024-02-01,1,Spain,Mallorca,5 Star,126.0,56418.58,134.5,68685.8,-8.5,-12267.22,-0.06,-0.15,Trend not possible
2024-03-01,1,Spain,Mallorca,5 Star,161.0,94741.92,143.33,77371.17,8.83,8685.37,0.07,0.13,increasing
2024-04-01,1,Spain,Mallorca,5 Star,248.0,122249.96,178.33,91136.82,35.0,13765.65,0.24,0.18,increasing
2024-05-01,1,Spain,Mallorca,5 Star,233.0,106705.67,214.0,107899.18,35.67,16762.36,0.2,0.18,increasing
2024-06-01,1,Spain,Mallorca,5 Star,263.0,154964.48,248.0,127973.37,34.0,20074.19,0.16,0.19,increasing
2024-07-01,1,Spain,Mallorca,5 Star,419.0,196012.22,305.0,152560.79,57.0,24587.42,0.23,0.19,increasing
2024-08-01,1,Spain,Mallorca,5 Star,302.0,182250.83,328.0,177742.51,23.0,25181.72,0.08,0.17,increasing
2024-09-01,1,Spain,Mallorca,5 Star,300.0,146382.64,340.33,174881.9,12.33,-2860.61,0.04,-0.02,"leads increase, revenue decrease"
2024-10-01,1,Spain,Mallorca,5 Star,190.0,101412.53,264.0,143348.67,-76.33,-31533.23,-0.22,-0.18,decreasing
2024-11-01,1,Spain,Mallorca,5 Star,139.0,79762.2,209.67,109185.79,-54.33,-34162.88,-0.21,-0.24,decreasing
2024-12-01,1,Spain,Mallorca,5 Star,152.0,77858.92,160.33,86344.55,-49.33,-22841.24,-0.24,-0.21,decreasing
2025-01-01,1,Spain,Mallorca,5 Star,109.0,65349.95,133.33,74323.69,-27.0,-12020.86,-0.17,-0.14,decreasing
2025-02-01,1,Spain,Mallorca,5 Star,110.0,66320.23,123.67,69843.03,-9.67,-4480.66,-0.07,-0.06,decreasing
2025-03-01,1,Spain,Mallorca,5 Star,134.0,48501.05,117.67,60057.08,-6.0,-9785.96,-0.05,-0.14,decreasing
2025-04-01,1,Spain,Mallorca,5 Star,110.0,73429.67,118.0,62750.32,0.33,2693.24,0.0,0.04,increasing
2025-05-01,1,Spain,Mallorca,5 Star,255.0,175906.67,166.33,99279.13,48.33,36528.81,0.41,0.58,increasing
2025-06-01,1,Spain,Mallorca,5 Star,352.0,126369.31,239.0,125235.22,72.67,25956.09,0.44,0.26,increasing
2025-07-01,1,Spain,Mallorca,5 Star,312.0,173985.25,306.33,158753.74,67.33,33518.53,0.28,0.27,increasing
2025-08-01,1,Spain,Mallorca,5 Star,273.0,243456.9,312.33,181270.49,6.0,22516.74,0.02,0.14,increasing
2025-09-01,1,Spain,Mallorca,5 Star,297.0,183747.66,294.0,200396.6,-18.33,19126.12,-0.06,0.11,"leads decrease, revenue increase"
2025-10-01,1,Spain,Mallorca,5 Star,190.0,90783.7,253.33,172662.75,-40.67,-27733.85,-0.14,-0.14,decreasing
2025-11-01,1,Spain,Mallorca,5 Star,136.0,100803.44,207.67,125111.6,-45.67,-47551.15,-0.18,-0.28,decreasing
2025-12-01,1,Spain,Mallorca,5 Star,137.0,67251.21,154.33,86279.45,-53.33,-38832.15,-0.26,-0.31,decreasing
2024-01-01,2,Greece,Crete,4 Star,142.0,38399.3,142.0,38399.3,,,,,Trend not possible
2024-02-01,2,Greece,Crete,4 Star,135.0,45169.24,138.5,41784.27,-3.5,3384.97,-0.02,0.09,Trend not possible
2024-03-01,2,Greece,Crete,4 Star,151.0,57916.67,142.67,47161.74,4.17,5377.47,0.03,0.13,increasing
2024-04-01,2,Greece,Crete,4 Star,213.0,60709.19,166.33,54598.37,23.67,7436.63,0.17,0.16,increasing
2024-05-01,2,Greece,Crete,4 Star,182.0,56288.89,182.0,58304.92,15.67,3706.55,0.09,0.07,increasing
2024-06-01,2,Greece,Crete,4 Star,208.0,87833.46,201.0,68277.18,19.0,9972.26,0.1,0.17,increasing
2024-07-01,2,Greece,Crete,4 Star,281.0,104201.47,223.67,82774.61,22.67,14497.43,0.11,0.21,increasing
2024-08-01,2,Greece,Crete,4 Star,205.0,78016.8,231.33,90017.24,7.67,7242.64,0.03,0.09,increasing
2024-09-01,2,Greece,Crete,4 Star,247.0,68425.43,244.33,83547.9,13.0,-6469.34,0.06,-0.07,"leads increase, revenue decrease"
2024-10-01,2,Greece,Crete,4 Star,157.0,55279.32,203.0,67240.52,-41.33,-16307.38,-0.17,-0.2,decreasing
2024-11-01,2,Greece,Crete,4 Star,144.0,68071.38,182.67,63925.38,-20.33,-3315.14,-0.1,-0.05,decreasing
2024-12-01,2,Greece,Crete,4 Star,170.0,71485.59,157.0,64945.43,-25.67,1020.05,-0.14,0.02,"leads decrease, revenue increase"
2025-01-01,2,Greece,Crete,4 Star,122.0,57651.26,145.33,65736.08,-11.67,790.65,-0.07,0.01,"leads decrease, revenue increase"
2025-02-01,2,Greece,Crete,4 Star,144.0,62119.76,145.33,63752.2,0.0,-1983.87,0.0,-0.03,stable/mixed
2025-03-01,2,Greece,Crete,4 Star,195.0,69865.51,153.67,63212.18,8.33,-540.03,0.06,-0.01,"leads increase, revenue decrease"
2025-04-01,2,Greece,Crete,4 Star,175.0,76407.83,171.33,69464.37,17.67,6252.19,0.11,0.1,increasing
2025-05-01,2,Greece,Crete,4 Star,193.0,89155.67,187.67,78476.34,16.33,9011.97,0.1,0.13,increasing
2025-06-01,2,Greece,Crete,4 Star,252.0,78297.33,206.67,81286.94,19.0,2810.61,0.1,0.04,increasing
2025-07-01,2,Greece,Crete,4 Star,216.0,121548.48,220.33,96333.83,13.67,15046.88,0.07,0.19,increasing
2025-08-01,2,Greece,Crete,4 Star,205.0,78158.34,224.33,92668.05,4.0,-3665.78,0.02,-0.04,"leads increase, revenue decrease"
2025-09-01,2,Greece,Crete,4 Star,256.0,63302.38,225.67,87669.73,1.33,-4998.32,0.01,-0.05,"leads increase, revenue decrease"
2025-10-01,2,Greece,Crete,4 Star,168.0,49661.12,209.67,63707.28,-16.0,-23962.45,-0.07,-0.27,decreasing
2025-11-01,2,Greece,Crete,4 Star,133.0,67072.43,185.67,60011.98,-24.0,-3695.3,-0.11,-0.06,decreasing
2025-12-01,2,Greece,Crete,4 Star,195.0,65071.1,165.33,60601.55,-20.33,589.57,-0.11,0.01,"leads decrease, revenue increase"
2024-01-01,3,Turkey,Antalya,5 Star,386.0,93736.64,386.0,93736.64,,,,,Trend not possible
2024-02-01,3,Turkey,Antalya,5 Star,322.0,118732.22,354.0,106234.43,-32.0,12497.79,-0.08,0.13,Trend not possible
2024-03-01,3,Turkey,Antalya,5 Star,338.0,104770.07,348.67,105746.31,-5.33,-488.12,-0.02,-0.0,decreasing
2024-04-01,3,Turkey,Antalya,5 Star,492.0,93517.59,384.0,105673.29,35.33,-73.02,0.1,-0.0,"leads increase, revenue decrease"
2024-05-01,3,Turkey,Antalya,5 Star,454.0,144819.74,428.0,114369.13,44.0,8695.84,0.11,0.08,increasing
2024-06-01,3,Turkey,Antalya,5 Star,458.0,141058.73,468.0,126465.35,40.0,12096.22,0.09,0.11,increasing
2024-07-01,3,Turkey,Antalya,5 Star,676.0,187155.96,529.33,157678.14,61.33,31212.79,0.13,0.25,increasing
2024-08-01,3,Turkey,Antalya,5 Star,505.0,198327.87,546.33,175514.19,17.0,17836.04,0.03,0.11,increasing
2024-09-01,3,Turkey,Antalya,5 Star,574.0,99327.65,585.0,161603.83,38.67,-13910.36,0.07,-0.08,"leads increase, revenue decrease"
2024-10-01,3,Turkey,Antalya,5 Star,399.0,141389.37,492.67,146348.3,-92.33,-15255.53,-0.16,-0.09,decreasing
2024-11-01,3,Turkey,Antalya,5 Star,330.0,98251.5,434.33,112989.51,-58.33,-33358.79,-0.12,-0.23,decreasing
2024-12-01,3,Turkey,Antalya,5 Star,403.0,105280.76,377.33,114973.88,-57.0,1984.37,-0.13,0.02,"leads decrease, revenue increase"
2025-01-01,3,Turkey,Antalya,5 Star,345.0,102131.34,359.33,101887.87,-18.0,-13086.01,-0.05,-0.11,decreasing
2025-02-01,3,Turkey,Antalya,5 Star,344.0,96875.21,364.0,101429.1,4.67,-458.76,0.01,-0.0,"leads increase, revenue decrease"
2025-03-01,3,Turkey,Antalya,5 Star,488.0,109630.0,392.33,102878.85,28.33,1449.75,0.08,0.01,increasing
2025-04-01,3,Turkey,Antalya,5 Star,401.0,137220.51,411.0,114575.24,18.67,11696.39,0.05,0.11,increasing
2025-05-01,3,Turkey,Antalya,5 Star,462.0,109958.12,450.33,118936.21,39.33,4360.97,0.1,0.04,increasing
2025-06-01,3,Turkey,Antalya,5 Star,636.0,144873.78,499.67,130684.14,49.33,11747.93,0.11,0.1,increasing
2025-07-01,3,Turkey,Antalya,5 Star,395.0,156215.56,497.67,137015.82,-2.0,6331.68,-0.0,0.05,"leads decrease, revenue increase"
2025-08-01,3,Turkey,Antalya,5 Star,346.0,122542.53,459.0,141210.62,-38.67,4194.8,-0.08,0.03,"leads decrease, revenue increase"
2025-09-01,3,Turkey,Antalya,5 Star,477.0,182246.38,406.0,153668.16,-53.0,12457.53,-0.12,0.09,"leads decrease, revenue increase"
2025-10-01,3,Turkey,Antalya,5 Star,311.0,143177.78,378.0,149322.23,-28.0,-4345.93,-0.07,-0.03,decreasing
2025-11-01,3,Turkey,Antalya,5 Star,244.0,90391.58,344.0,138605.25,-34.0,-10716.98,-0.09,-0.07,decreasing
2025-12-01,3,Turkey,Antalya,5 Star,311.0,93842.92,288.67,109137.43,-55.33,-29467.82,-0.16,-0.21,decreasing
2024-01-01,4,Egypt,Hurghada,4 Star,681.0,77678.57,681.0,77678.57,,,,,Trend not possible
2024-02-01,4,Egypt,Hurghada,4 Star,515.0,85366.26,598.0,81522.42,-83.0,3843.85,-0.12,0.05,Trend not possible
2024-03-01,4,Egypt,Hurghada,4 Star,454.0,74665.24,550.0,79236.69,-48.0,-2285.73,-0.08,-0.03,decreasing
2024-04-01,4,Egypt,Hurghada,4 Star,517.0,58723.24,495.33,72918.25,-54.67,-6318.44,-0.1,-0.08,decreasing
2024-05-01,4,Egypt,Hurghada,4 Star,313.0,39311.92,428.0,57566.8,-67.33,-15351.45,-0.14,-0.21,decreasing
2024-06-01,4,Egypt,Hurghada,4 Star,230.0,36033.55,353.33,44689.57,-74.67,-12877.23,-0.17,-0.22,decreasing
2024-07-01,4,Egypt,Hurghada,4 Star,275.0,36804.19,272.67,37383.22,-80.67,-7306.35,-0.23,-0.16,decreasing
2024-08-01,4,Egypt,Hurghada,4 Star,244.0,32287.59,249.67,35041.78,-23.0,-2341.44,-0.08,-0.06,decreasing
2024-09-01,4,Egypt,Hurghada,4 Star,407.0,46000.64,308.67,38364.14,59.0,3322.36,0.24,0.09,increasing
2024-10-01,4,Egypt,Hurghada,4 Star,428.0,51861.42,359.67,43383.22,51.0,5019.08,0.17,0.13,increasing
2024-11-01,4,Egypt,Hurghada,4 Star,523.0,81226.82,452.67,59696.29,93.0,16313.08,0.26,0.38,increasing
2024-12-01,4,Egypt,Hurghada,4 Star,736.0,80691.65,562.33,71259.96,109.67,11563.67,0.24,0.19,increasing
2025-01-01,4,Egypt,Hurghada,4 Star,511.0,68324.65,590.0,76747.71,27.67,5487.74,0.05,0.08,increasing
2025-02-01,4,Egypt,Hurghada,4 Star,466.0,90472.15,571.0,79829.48,-19.0,3081.78,-0.03,0.04,"leads decrease, revenue increase"
2025-03-01,4,Egypt,Hurghada,4 Star,580.0,83103.88,519.0,80633.56,-52.0,804.08,-0.09,0.01,"leads decrease, revenue increase"
2025-04-01,4,Egypt,Hurghada,4 Star,384.0,77557.39,476.67,83711.14,-42.33,3077.58,-0.08,0.04,"leads decrease, revenue increase"
2025-05-01,4,Egypt,Hurghada,4 Star,305.0,53770.24,423.0,71477.17,-53.67,-12233.97,-0.11,-0.15,decreasing
2025-06-01,4,Egypt,Hurghada,4 Star,311.0,44234.37,333.33,58520.67,-89.67,-12956.5,-0.21,-0.18,decreasing
2025-07-01,4,Egypt,Hurghada,4 Star,236.0,25224.75,284.0,41076.45,-49.33,-17444.21,-0.15,-0.3,decreasing
2025-08-01,4,Egypt,Hurghada,4 Star,268.0,46683.83,271.67,38714.32,-12.33,-2362.14,-0.04,-0.06,decreasing
2025-09-01,4,Egypt,Hurghada,4 Star,418.0,50855.6,307.33,40921.39,35.67,2207.08,0.13,0.06,increasing
2025-10-01,4,Egypt,Hurghada,4 Star,435.0,85920.15,373.67,61153.19,66.33,20231.8,0.22,0.49,increasing
2025-11-01,4,Egypt,Hurghada,4 Star,551.0,76463.57,468.0,71079.77,94.33,9926.58,0.25,0.16,increasing
2025-12-01,4,Egypt,Hurghada,4 Star,753.0,73574.55,579.67,78652.76,111.67,7572.98,0.24,0.11,increasing
2024-01-01,5,Portugal,Algarve,5 Star,341.0,30998.39,341.0,30998.39,,,,,Trend not possible
2024-02-01,5,Portugal,Algarve,5 Star,300.0,31148.94,320.5,31073.67,-20.5,75.27,-0.06,0.0,Trend not possible
2024-03-01,5,Portugal,Algarve,5 Star,359.0,44573.36,333.33,35573.56,12.83,4499.9,0.04,0.14,increasing
2024-04-01,5,Portugal,Algarve,5 Star,442.0,44724.75,367.0,40149.02,33.67,4575.45,0.1,0.13,increasing
2024-05-01,5,Portugal,Algarve,5 Star,372.0,59925.68,391.0,49741.26,24.0,9592.25,0.07,0.24,increasing
2024-06-01,5,Portugal,Algarve,5 Star,418.0,46042.5,410.67,50230.98,19.67,489.71,0.05,0.01,increasing
2024-07-01,5,Portugal,Algarve,5 Star,586.0,71352.25,458.67,59106.81,48.0,8875.83,0.12,0.18,increasing
2024-08-01,5,Portugal,Algarve,5 Star,491.0,50144.7,498.33,55846.48,39.67,-3260.33,0.09,-0.06,"leads increase, revenue decrease"
2024-09-01,5,Portugal,Algarve,5 Star,516.0,50185.35,531.0,57227.43,32.67,1380.95,0.07,0.02,increasing
2024-10-01,5,Portugal,Algarve,5 Star,355.0,34330.3,454.0,44886.78,-77.0,-12340.65,-0.15,-0.22,decreasing
2024-11-01,5,Portugal,Algarve,5 Star,330.0,40696.38,400.33,41737.34,-53.67,-3149.44,-0.12,-0.07,decreasing
2024-12-01,5,Portugal,Algarve,5 Star,373.0,47492.57,352.67,40839.75,-47.67,-897.59,-0.12,-0.02,decreasing
2025-01-01,5,Portugal,Algarve,5 Star,299.0,32318.73,334.0,40169.23,-18.67,-670.52,-0.05,-0.02,decreasing
2025-02-01,5,Portugal,Algarve,5 Star,290.0,36960.53,320.67,38923.94,-13.33,-1245.28,-0.04,-0.03,decreasing
2025-03-01,5,Portugal,Algarve,5 Star,401.0,52353.22,330.0,40544.16,9.33,1620.22,0.03,0.04,increasing
2025-04-01,5,Portugal,Algarve,5 Star,339.0,55157.37,343.33,48157.04,13.33,7612.88,0.04,0.19,increasing
2025-05-01,5,Portugal,Algarve,5 Star,420.0,48648.99,386.67,52053.19,43.33,3896.15,0.13,0.08,increasing
2025-06-01,5,Portugal,Algarve,5 Star,597.0,63969.59,452.0,55925.32,65.33,3872.12,0.17,0.07,increasing
2025-07-01,5,Portugal,Algarve,5 Star,519.0,48571.12,512.0,53729.9,60.0,-2195.42,0.13,-0.04,"leads increase, revenue decrease"
2025-08-01,5,Portugal,Algarve,5 Star,534.0,60341.31,550.0,57627.34,38.0,3897.44,0.07,0.07,increasing
2025-09-01,5,Portugal,Algarve,5 Star,508.0,50976.85,520.33,53296.43,-29.67,-4330.91,-0.05,-0.08,decreasing
2025-10-01,5,Portugal,Algarve,5 Star,386.0,43725.1,476.0,51681.09,-44.33,-1615.34,-0.09,-0.03,decreasing
2025-11-01,5,Portugal,Algarve,5 Star,330.0,45086.68,408.0,46596.21,-68.0,-5084.88,-0.14,-0.1,decreasing
2025-12-01,5,Portugal,Algarve,5 Star,382.0,59963.26,366.0,49591.68,-42.0,2995.47,-0.1,0.06,"leads decrease, revenue increase"
2024-01-01,6,Spain,Canary Islands,4 Star,437.0,38972.29,437.0,38972.29,,,,,Trend not possible
2024-02-01,6,Spain,Canary Islands,4 Star,390.0,56635.21,413.5,47803.75,-23.5,8831.46,-0.05,0.23,Trend not possible
2024-03-01,6,Spain,Canary Islands,4 Star,391.0,57555.67,406.0,51054.39,-7.5,3250.64,-0.02,0.07,"leads decrease, revenue increase"
2024-04-01,6,Spain,Canary Islands,4 Star,585.0,65297.69,455.33,59829.52,49.33,8775.13,0.12,0.17,increasing
2024-05-01,6,Spain,Canary Islands,4 Star,551.0,60950.63,509.0,61268.0,53.67,1438.47,0.12,0.02,increasing
2024-06-01,6,Spain,Canary Islands,4 Star,618.0,87619.51,584.67,71289.28,75.67,10021.28,0.15,0.16,increasing
2024-07-01,6,Spain,Canary Islands,4 Star,804.0,101203.99,657.67,83258.04,73.0,11968.77,0.12,0.17,increasing
2024-08-01,6,Spain,Canary Islands,4 Star,588.0,88947.74,670.0,92590.41,12.33,9332.37,0.02,0.11,increasing
2024-09-01,6,Spain,Canary Islands,4 Star,633.0,64217.84,675.0,84789.86,5.0,-7800.56,0.01,-0.08,"leads increase, revenue decrease"
2024-10-01,6,Spain,Canary Islands,4 Star,448.0,68216.97,556.33,73794.18,-118.67,-10995.67,-0.18,-0.13,decreasing
2024-11-01,6,Spain,Canary Islands,4 Star,373.0,54062.98,484.67,62165.93,-71.67,-11628.25,-0.13,-0.16,decreasing
2024-12-01,6,Spain,Canary Islands,4 Star,501.0,45587.58,440.67,55955.84,-44.0,-6210.09,-0.09,-0.1,decreasing
2025-01-01,6,Spain,Canary Islands,4 Star,373.0,49646.96,415.67,49765.84,-25.0,-6190.0,-0.06,-0.11,decreasing
2025-02-01,6,Spain,Canary Islands,4 Star,373.0,58028.59,415.67,51087.71,0.0,1321.87,0.0,0.03,stable/mixed
2025-03-01,6,Spain,Canary Islands,4 Star,533.0,73491.05,426.33,60388.87,10.67,9301.16,0.03,0.18,increasing
2025-04-01,6,Spain,Canary Islands,4 Star,485.0,59024.08,463.67,63514.57,37.33,3125.71,0.09,0.05,increasing
2025-05-01,6,Spain,Canary Islands,4 Star,549.0,72876.79,522.33,68463.97,58.67,4949.4,0.13,0.08,increasing
2025-06-01,6,Spain,Canary Islands,4 Star,709.0,89937.2,581.0,73946.02,58.67,5482.05,0.11,0.08,increasing
2025-07-01,6,Spain,Canary Islands,4 Star,627.0,61443.66,628.33,74752.55,47.33,806.53,0.08,0.01,increasing
2025-08-01,6,Spain,Canary Islands,4 Star,654.0,74805.14,663.33,75395.33,35.0,642.78,0.06,0.01,increasing
2025-09-01,6,Spain,Canary Islands,4 Star,663.0,100031.37,648.0,78760.06,-15.33,3364.72,-0.02,0.04,"leads decrease, revenue increase"
2025-10-01,6,Spain,Canary Islands,4 Star,448.0,74948.23,588.33,83261.58,-59.67,4501.52,-0.09,0.06,"leads decrease, revenue increase"
2025-11-01,6,Spain,Canary Islands,4 Star,376.0,70684.49,495.67,81888.03,-92.67,-1373.55,-0.16,-0.02,decreasing
2025-12-01,6,Spain,Canary Islands,4 Star,495.0,50718.92,439.67,65450.55,-56.0,-16437.48,-0.11,-0.2,decreasing
2024-01-01,7,Greece,Rhodes,4 Star,457.0,34464.34,457.0,34464.34,,,,,Trend not possible
2024-02-01,7,Greece,Rhodes,4 Star,428.0,34772.56,442.5,34618.45,-14.5,154.11,-0.03,0.0,Trend not possible
2024-03-01,7,Greece,Rhodes,4 Star,461.0,48289.09,448.67,39175.33,6.17,4556.88,0.01,0.13,increasing
2024-04-01,7,Greece,Rhodes,4 Star,670.0,57453.51,519.67,46838.39,71.0,7663.06,0.16,0.2,increasing
2024-05-01,7,Greece,Rhodes,4 Star,530.0,43696.05,553.67,49812.88,34.0,2974.5,0.07,0.06,increasing
2024-06-01,7,Greece,Rhodes,4 Star,615.0,75708.98,605.0,58952.85,51.33,9139.96,0.09,0.18,increasing
2024-07-01,7,Greece,Rhodes,4 Star,885.0,63956.5,676.67,61120.51,71.67,2167.66,0.12,0.04,increasing
2024-08-01,7,Greece,Rhodes,4 Star,656.0,80366.44,718.67,73343.97,42.0,12223.46,0.06,0.2,increasing
2024-09-01,7,Greece,Rhodes,4 Star,714.0,64698.92,751.67,69673.95,33.0,-3670.02,0.05,-0.05,"leads increase, revenue decrease"
2024-10-01,7,Greece,Rhodes,4 Star,426.0,52212.31,598.67,65759.22,-153.0,-3914.73,-0.2,-0.06,decreasing
2024-11-01,7,Greece,Rhodes,4 Star,428.0,42943.2,522.67,53284.81,-76.0,-12474.41,-0.13,-0.19,decreasing
2024-12-01,7,Greece,Rhodes,4 Star,511.0,44588.4,455.0,46581.3,-67.67,-6703.51,-0.13,-0.13,decreasing
2025-01-01,7,Greece,Rhodes,4 Star,356.0,57168.12,431.67,48233.24,-23.33,1651.94,-0.05,0.04,"leads decrease, revenue increase"
2025-02-01,7,Greece,Rhodes,4 Star,417.0,59898.07,428.0,53884.86,-3.67,5651.62,-0.01,0.12,"leads decrease, revenue increase"
2025-03-01,7,Greece,Rhodes,4 Star,582.0,75513.95,451.67,64193.38,23.67,10308.52,0.06,0.19,increasing
2025-04-01,7,Greece,Rhodes,4 Star,496.0,60129.51,498.33,65180.51,46.67,987.13,0.1,0.02,increasing
2025-05-01,7,Greece,Rhodes,4 Star,535.0,82797.66,537.67,72813.71,39.33,7633.2,0.08,0.12,increasing
2025-06-01,7,Greece,Rhodes,4 Star,809.0,84752.67,613.33,75893.28,75.67,3079.57,0.14,0.04,increasing
2025-07-01,7,Greece,Rhodes,4 Star,708.0,119074.35,684.0,95541.56,70.67,19648.28,0.12,0.26,increasing
2025-08-01,7,Greece,Rhodes,4 Star,619.0,84830.26,712.0,96219.09,28.0,677.53,0.04,0.01,increasing
2025-09-01,7,Greece,Rhodes,4 Star,777.0,63083.51,701.33,88996.04,-10.67,-7223.05,-0.01,-0.08,decreasing
2025-10-01,7,Greece,Rhodes,4 Star,551.0,79622.93,649.0,75845.57,-52.33,-13150.47,-0.07,-0.15,decreasing
2025-11-01,7,Greece,Rhodes,4 Star,439.0,57157.67,589.0,66621.37,-60.0,-9224.2,-0.09,-0.12,decreasing
2025-12-01,7,Greece,Rhodes,4 Star,498.0,77544.87,496.0,71441.82,-93.0,4820.45,-0.16,0.07,"leads decrease, revenue increase"
2024-01-01,8,Italy,Sardinia,5 Star,391.0,97630.1,391.0,97630.1,,,,,Trend not possible
2024-02-01,8,Italy,Sardinia,5 Star,303.0,69859.04,347.0,83744.57,-44.0,-13885.53,-0.11,-0.14,Trend not possible
2024-03-01,8,Italy,Sardinia,5 Star,343.0,71762.98,345.67,79750.71,-1.33,-3993.86,-0.0,-0.05,decreasing
2024-04-01,8,Italy,Sardinia,5 Star,510.0,109259.43,385.33,83627.15,39.67,3876.44,0.11,0.05,increasing
2024-05-01,8,Italy,Sardinia,5 Star,458.0,100952.97,437.0,93991.79,51.67,10364.64,0.13,0.12,increasing
2024-06-01,8,Italy,Sardinia,5 Star,487.0,142596.4,485.0,117602.93,48.0,23611.14,0.11,0.25,increasing
2024-07-01,8,Italy,Sardinia,5 Star,739.0,140415.87,561.33,127988.41,76.33,10385.48,0.16,0.09,increasing
2024-08-01,8,Italy,Sardinia,5 Star,575.0,123807.21,600.33,135606.49,39.0,7618.08,0.07,0.06,increasing
2024-09-01,8,Italy,Sardinia,5 Star,558.0,132700.22,624.0,132307.77,23.67,-3298.73,0.04,-0.02,"leads increase, revenue decrease"
2024-10-01,8,Italy,Sardinia,5 Star,381.0,101637.58,504.67,119381.67,-119.33,-12926.1,-0.19,-0.1,decreasing
2024-11-01,8,Italy,Sardinia,5 Star,357.0,91488.52,432.0,108608.77,-72.67,-10772.9,-0.14,-0.09,decreasing
2024-12-01,8,Italy,Sardinia,5 Star,400.0,87137.83,379.33,93421.31,-52.67,-15187.46,-0.12,-0.14,decreasing
2025-01-01,8,Italy,Sardinia,5 Star,320.0,79096.52,359.0,85907.62,-20.33,-7513.69,-0.05,-0.08,decreasing
2025-02-01,8,Italy,Sardinia,5 Star,327.0,68951.79,349.0,78395.38,-10.0,-7512.24,-0.03,-0.09,decreasing
2025-03-01,8,Italy,Sardinia,5 Star,479.0,98506.48,375.33,82184.93,26.33,3789.55,0.08,0.05,increasing
2025-04-01,8,Italy,Sardinia,5 Star,387.0,84104.28,397.67,83854.18,22.33,1669.25,0.06,0.02,increasing
2025-05-01,8,Italy,Sardinia,5 Star,460.0,84180.69,442.0,88930.48,44.33,5076.3,0.11,0.06,increasing
2025-06-01,8,Italy,Sardinia,5 Star,624.0,144178.15,490.33,104154.37,48.33,15223.89,0.11,0.17,increasing
2025-07-01,8,Italy,Sardinia,5 Star,502.0,116952.03,528.67,115103.62,38.33,10949.25,0.08,0.11,increasing
2025-08-01,8,Italy,Sardinia,5 Star,556.0,120507.08,560.67,127212.42,32.0,12108.8,0.06,0.11,increasing
2025-09-01,8,Italy,Sardinia,5 Star,592.0,118206.15,550.0,118555.09,-10.67,-8657.33,-0.02,-0.07,decreasing
2025-10-01,8,Italy,Sardinia,5 Star,412.0,118020.65,520.0,118911.29,-30.0,356.21,-0.05,0.0,"leads decrease, revenue increase"
2025-11-01,8,Italy,Sardinia,5 Star,358.0,103780.64,454.0,113335.81,-66.0,-5575.48,-0.13,-0.05,decreasing
2025-12-01,8,Italy,Sardinia,5 Star,434.0,71816.41,401.33,97872.57,-52.67,-15463.25,-0.12,-0.14,decreasing
2024-01-01,9,Croatia,Istria,4 Star,402.0,59620.92,402.0,59620.92,,,,,Trend not possible
2024-02-01,9,Croatia,Istria,4 Star,315.0,60800.45,358.5,60210.68,-43.5,589.76,-0.11,0.01,Trend not possible
2024-03-01,9,Croatia,Istria,4 Star,410.0,41272.75,375.67,53898.04,17.17,-6312.64,0.05,-0.1,"leads increase, revenue decrease"
2024-04-01,9,Croatia,Istria,4 Star,548.0,52943.97,424.33,51672.39,48.67,-2225.65,0.13,-0.04,"leads increase, revenue decrease"
2024-05-01,9,Croatia,Istria,4 Star,432.0,76653.0,463.33,56956.57,39.0,5284.18,0.09,0.1,increasing
2024-06-01,9,Croatia,Istria,4 Star,552.0,78852.29,510.67,69483.09,47.33,12526.51,0.1,0.22,increasing
2024-07-01,9,Croatia,Istria,4 Star,753.0,85003.81,579.0,80169.7,68.33,10686.61,0.13,0.15,increasing
2024-08-01,9,Croatia,Istria,4 Star,518.0,80143.6,607.67,81333.23,28.67,1163.53,0.05,0.01,increasing
2024-09-01,9,Croatia,Istria,4 Star,625.0,91173.4,632.0,85440.27,24.33,4107.04,0.04,0.05,increasing
2024-10-01,9,Croatia,Istria,4 Star,403.0,46056.53,515.33,72457.84,-116.67,-12982.43,-0.18,-0.15,decreasing
2024-11-01,9,Croatia,Istria,4 Star,382.0,61004.37,470.0,66078.1,-45.33,-6379.74,-0.09,-0.09,decreasing
2024-12-01,9,Croatia,Istria,4 Star,452.0,65545.72,412.33,57535.54,-57.67,-8542.56,-0.12,-0.13,decreasing
2025-01-01,9,Croatia,Istria,4 Star,336.0,57855.44,390.0,61468.51,-22.33,3932.97,-0.05,0.07,"leads decrease, revenue increase"
2025-02-01,9,Croatia,Istria,4 Star,334.0,59479.19,374.0,60960.12,-16.0,-508.39,-0.04,-0.01,decreasing
2025-03-01,9,Croatia,Istria,4 Star,509.0,67335.34,393.0,61556.66,19.0,596.54,0.05,0.01,increasing
2025-04-01,9,Croatia,Istria,4 Star,457.0,73168.6,433.33,66661.04,40.33,5104.39,0.1,0.08,increasing
2025-05-01,9,Croatia,Istria,4 Star,502.0,76550.13,489.33,72351.36,56.0,5690.31,0.13,0.09,increasing
2025-06-01,9,Croatia,Istria,4 Star,633.0,83868.53,530.67,77862.42,41.33,5511.06,0.08,0.08,increasing
2025-07-01,9,Croatia,Istria,4 Star,620.0,106190.9,585.0,88869.85,54.33,11007.43,0.1,0.14,increasing
2025-08-01,9,Croatia,Istria,4 Star,544.0,97871.59,599.0,95977.01,14.0,7107.15,0.02,0.08,increasing
2025-09-01,9,Croatia,Istria,4 Star,566.0,70886.29,576.67,91649.59,-22.33,-4327.41,-0.04,-0.05,decreasing
2025-10-01,9,Croatia,Istria,4 Star,424.0,69719.28,511.33,79492.39,-65.33,-12157.21,-0.11,-0.13,decreasing
2025-11-01,9,Croatia,Istria,4 Star,377.0,59368.39,455.67,66657.99,-55.67,-12834.4,-0.11,-0.16,decreasing
2025-12-01,9,Croatia,Istria,4 Star,419.0,67601.64,406.67,65563.1,-49.0,-1094.88,-0.11,-0.02,decreasing
2024-01-01,10,Spain,Costa del Sol,3 Star,338.0,41802.44,338.0,41802.44,,,,,Trend not possible
2024-02-01,10,Spain,Costa del Sol,3 Star,262.0,67610.81,300.0,54706.63,-38.0,12904.19,-0.11,0.31,Trend not possible
2024-03-01,10,Spain,Costa del Sol,3 Star,304.0,49093.81,301.33,52835.69,1.33,-1870.94,0.0,-0.03,"leads increase, revenue decrease"
2024-04-01,10,Spain,Costa del Sol,3 Star,405.0,56250.71,323.67,57651.78,22.33,4816.09,0.07,0.09,increasing
2024-05-01,10,Spain,Costa del Sol,3 Star,392.0,86542.32,367.0,63962.28,43.33,6310.5,0.13,0.11,increasing
2024-06-01,10,Spain,Costa del Sol,3 Star,416.0,81661.92,404.33,74818.32,37.33,10856.04,0.1,0.17,increasing
2024-07-01,10,Spain,Costa del Sol,3 Star,550.0,73338.93,452.67,80514.39,48.33,5696.07,0.12,0.08,increasing
2024-08-01,10,Spain,Costa del Sol,3 Star,441.0,92538.54,469.0,82513.13,16.33,1998.74,0.04,0.02,increasing
2024-09-01,10,Spain,Costa del Sol,3 Star,493.0,62929.97,494.67,76269.15,25.67,-6243.98,0.05,-0.08,"leads increase, revenue decrease"
2024-10-01,10,Spain,Costa del Sol,3 Star,344.0,55304.72,426.0,70257.74,-68.67,-6011.4,-0.14,-0.08,decreasing
2024-11-01,10,Spain,Costa del Sol,3 Star,241.0,56151.81,359.33,58128.83,-66.67,-12128.91,-0.16,-0.17,decreasing
2024-12-01,10,Spain,Costa del Sol,3 Star,340.0,49603.75,308.33,53686.76,-51.0,-4442.07,-0.14,-0.08,decreasing
2025-01-01,10,Spain,Costa del Sol,3 Star,255.0,66320.1,278.67,57358.55,-29.67,3671.79,-0.1,0.07,"leads decrease, revenue increase"
2025-02-01,10,Spain,Costa del Sol,3 Star,281.0,66343.72,292.0,60755.86,13.33,3397.3,0.05,0.06,increasing
2025-03-01,10,Spain,Costa del Sol,3 Star,395.0,47107.63,310.33,59923.82,18.33,-832.04,0.06,-0.01,"leads increase, revenue decrease"
2025-04-01,10,Spain,Costa del Sol,3 Star,323.0,57272.97,333.0,56908.11,22.67,-3015.71,0.07,-0.05,"leads increase, revenue decrease"
2025-05-01,10,Spain,Costa del Sol,3 Star,348.0,90822.63,355.33,65067.74,22.33,8159.64,0.07,0.14,increasing
2025-06-01,10,Spain,Costa del Sol,3 Star,533.0,64861.35,401.33,70985.65,46.0,5917.91,0.13,0.09,increasing
2025-07-01,10,Spain,Costa del Sol,3 Star,471.0,86682.58,450.67,80788.85,49.33,9803.2,0.12,0.14,increasing
2025-08-01,10,Spain,Costa del Sol,3 Star,456.0,72023.73,486.67,74522.55,36.0,-6266.3,0.08,-0.08,"leads increase, revenue decrease"
2025-09-01,10,Spain,Costa del Sol,3 Star,501.0,82509.54,476.0,80405.28,-10.67,5882.73,-0.02,0.08,"leads decrease, revenue increase"
2025-10-01,10,Spain,Costa del Sol,3 Star,322.0,67492.37,426.33,74008.55,-49.67,-6396.74,-0.1,-0.08,decreasing
2025-11-01,10,Spain,Costa del Sol,3 Star,284.0,58802.61,369.0,69601.51,-57.33,-4407.04,-0.13,-0.06,decreasing
2025-12-01,10,Spain,Costa del Sol,3 Star,330.0,56829.04,312.0,61041.34,-57.0,-8560.17,-0.15,-0.12,decreasing
2024-01-01,11,Turkey,Bodrum,4 Star,247.0,38298.55,247.0,38298.55,,,,,Trend not possible
2024-02-01,11,Turkey,Bodrum,4 Star,213.0,56885.18,230.0,47591.87,-17.0,9293.32,-0.07,0.24,Trend not possible
2024-03-01,11,Turkey,Bodrum,4 Star,243.0,45065.39,234.33,46749.71,4.33,-842.16,0.02,-0.02,"leads increase, revenue decrease"
2024-04-01,11,Turkey,Bodrum,4 Star,332.0,81462.17,262.67,61137.58,28.33,14387.87,0.12,0.31,increasing
2024-05-01,11,Turkey,Bodrum,4 Star,303.0,61221.67,292.67,62583.08,30.0,1445.5,0.11,0.02,increasing
2024-06-01,11,Turkey,Bodrum,4 Star,346.0,92203.63,327.0,78295.82,34.33,15712.75,0.12,0.25,increasing
2024-07-01,11,Turkey,Bodrum,4 Star,459.0,85804.51,369.33,79743.27,42.33,1447.45,0.13,0.02,increasing
2024-08-01,11,Turkey,Bodrum,4 Star,339.0,90591.96,381.33,89533.37,12.0,9790.1,0.03,0.12,increasing
2024-09-01,11,Turkey,Bodrum,4 Star,355.0,62271.41,384.33,79555.96,3.0,-9977.41,0.01,-0.11,"leads increase, revenue decrease"
2024-10-01,11,Turkey,Bodrum,4 Star,267.0,65804.61,320.33,72889.33,-64.0,-6666.63,-0.17,-0.08,decreasing
2024-11-01,11,Turkey,Bodrum,4 Star,230.0,52889.88,284.0,60321.97,-36.33,-12567.36,-0.11,-0.17,decreasing
2024-12-01,11,Turkey,Bodrum,4 Star,251.0,48213.34,249.33,55635.94,-34.67,-4686.02,-0.12,-0.08,decreasing
2025-01-01,11,Turkey,Bodrum,4 Star,190.0,50319.4,223.67,50474.21,-25.67,-5161.74,-0.1,-0.09,decreasing
2025-02-01,11,Turkey,Bodrum,4 Star,195.0,56880.85,212.0,51804.53,-11.67,1330.32,-0.05,0.03,"leads decrease, revenue increase"
2025-03-01,11,Turkey,Bodrum,4 Star,290.0,62225.46,225.0,56475.24,13.0,4670.71,0.06,0.09,increasing
2025-04-01,11,Turkey,Bodrum,4 Star,269.0,60868.18,251.33,59991.5,26.33,3516.26,0.12,0.06,increasing
2025-05-01,11,Turkey,Bodrum,4 Star,295.0,67558.52,284.67,63550.72,33.33,3559.22,0.13,0.06,increasing
2025-06-01,11,Turkey,Bodrum,4 Star,375.0,108377.84,313.0,78934.85,28.33,15384.13,0.1,0.24,increasing
2025-07-01,11,Turkey,Bodrum,4 Star,350.0,95006.01,340.0,90314.12,27.0,11379.28,0.09,0.14,increasing
2025-08-01,11,Turkey,Bodrum,4 Star,325.0,113571.11,350.0,105651.65,10.0,15337.53,0.03,0.17,increasing
2025-09-01,11,Turkey,Bodrum,4 Star,343.0,111440.89,339.33,106672.67,-10.67,1021.02,-0.03,0.01,"leads decrease, revenue increase"
2025-10-01,11,Turkey,Bodrum,4 Star,283.0,61632.31,317.0,95548.1,-22.33,-11124.57,-0.07,-0.1,decreasing
2025-11-01,11,Turkey,Bodrum,4 Star,221.0,75090.66,282.33,82721.29,-34.67,-12826.82,-0.11,-0.13,decreasing
2025-12-01,11,Turkey,Bodrum,4 Star,289.0,77449.81,264.33,71390.93,-18.0,-11330.36,-0.06,-0.14,decreasing
2024-01-01,12,Egypt,Marsa Alam,5 Star,1082.0,62983.42,1082.0,62983.42,,,,,Trend not possible
2024-02-01,12,Egypt,Marsa Alam,5 Star,798.0,46722.25,940.0,54852.84,-142.0,-8130.58,-0.13,-0.13,Trend not possible
2024-03-01,12,Egypt,Marsa Alam,5 Star,705.0,53532.64,861.67,54412.77,-78.33,-440.07,-0.08,-0.01,decreasing
2024-04-01,12,Egypt,Marsa Alam,5 Star,735.0,33813.47,746.0,44689.45,-115.67,-9723.32,-0.13,-0.18,decreasing
2024-05-01,12,Egypt,Marsa Alam,5 Star,421.0,25829.86,620.33,37725.32,-125.67,-6964.13,-0.17,-0.16,decreasing
2024-06-01,12,Egypt,Marsa Alam,5 Star,351.0,22117.48,502.33,27253.6,-118.0,-10471.72,-0.19,-0.28,decreasing
2024-07-01,12,Egypt,Marsa Alam,5 Star,404.0,28616.25,392.0,25521.2,-110.33,-1732.41,-0.22,-0.06,decreasing
2024-08-01,12,Egypt,Marsa Alam,5 Star,357.0,27733.74,370.67,26155.82,-21.33,634.63,-0.05,0.02,"leads decrease, revenue increase"
2024-09-01,12,Egypt,Marsa Alam,5 Star,655.0,47956.51,472.0,34768.83,101.33,8613.01,0.27,0.33,increasing
2024-10-01,12,Egypt,Marsa Alam,5 Star,686.0,38482.95,566.0,38057.73,94.0,3288.9,0.2,0.09,increasing
2024-11-01,12,Egypt,Marsa Alam,5 Star,787.0,55932.79,709.33,47457.42,143.33,9399.68,0.25,0.25,increasing
2024-12-01,12,Egypt,Marsa Alam,5 Star,1121.0,53780.57,864.67,49398.77,155.33,1941.35,0.22,0.04,increasing
2025-01-01,12,Egypt,Marsa Alam,5 Star,820.0,81375.75,909.33,63696.37,44.67,14297.6,0.05,0.29,increasing
2025-02-01,12,Egypt,Marsa Alam,5 Star,790.0,63818.84,910.33,66325.05,1.0,2628.68,0.0,0.04,increasing
2025-03-01,12,Egypt,Marsa Alam,5 Star,891.0,46301.92,833.67,63832.17,-76.67,-2492.88,-0.08,-0.04,decreasing
2025-04-01,12,Egypt,Marsa Alam,5 Star,561.0,39655.83,747.33,49925.53,-86.33,-13906.64,-0.1,-0.22,decreasing
2025-05-01,12,Egypt,Marsa Alam,5 Star,442.0,30876.55,631.33,38944.77,-116.0,-10980.76,-0.16,-0.22,decreasing
2025-06-01,12,Egypt,Marsa Alam,5 Star,446.0,29033.15,483.0,33188.51,-148.33,-5756.26,-0.23,-0.15,decreasing
2025-07-01,12,Egypt,Marsa Alam,5 Star,1384.0,56860.22,757.33,38923.31,274.33,5734.8,0.57,0.17,increasing
2025-08-01,12,Egypt,Marsa Alam,5 Star,337.0,33116.77,722.33,39670.05,-35.0,746.74,-0.05,0.02,"leads decrease, revenue increase"
2025-09-01,12,Egypt,Marsa Alam,5 Star,621.0,51681.09,780.67,47219.36,58.33,7549.31,0.08,0.19,increasing
2025-10-01,12,Egypt,Marsa Alam,5 Star,615.0,65445.27,524.33,50081.04,-256.33,2861.68,-0.33,0.06,"leads decrease, revenue increase"
2025-11-01,12,Egypt,Marsa Alam,5 Star,797.0,63019.8,677.67,60048.72,153.33,9967.68,0.29,0.2,increasing
2025-12-01,12,Egypt,Marsa Alam,5 Star,1151.0,83004.45,854.33,70489.84,176.67,10441.12,0.26,0.17,increasing
2024-01-01,13,Germany,Baltic Sea,4 Star,188.0,21132.3,188.0,21132.3,,,,,Trend not possible
2024-02-01,13,Germany,Baltic Sea,4 Star,176.0,27182.43,182.0,24157.37,-6.0,3025.06,-0.03,0.14,Trend not possible
2024-03-01,13,Germany,Baltic Sea,4 Star,176.0,33305.79,180.0,27206.84,-2.0,3049.47,-0.01,0.13,"leads decrease, revenue increase"
2024-04-01,13,Germany,Baltic Sea,4 Star,219.0,32387.17,190.33,30958.46,10.33,3751.62,0.06,0.14,increasing
2024-05-01,13,Germany,Baltic Sea,4 Star,215.0,31607.76,203.33,32433.57,13.0,1475.11,0.07,0.05,increasing
2024-06-01,13,Germany,Baltic Sea,4 Star,219.0,34821.79,217.67,32938.91,14.33,505.33,0.07,0.02,increasing
2024-07-01,13,Germany,Baltic Sea,4 Star,289.0,38148.52,241.0,34859.36,23.33,1920.45,0.11,0.06,increasing
2024-08-01,13,Germany,Baltic Sea,4 Star,230.0,27416.0,246.0,33462.1,5.0,-1397.25,0.02,-0.04,"leads increase, revenue decrease"
2024-09-01,13,Germany,Baltic Sea,4 Star,258.0,42640.93,259.0,36068.48,13.0,2606.38,0.05,0.08,increasing
2024-10-01,13,Germany,Baltic Sea,4 Star,205.0,36408.5,231.0,35488.48,-28.0,-580.01,-0.11,-0.02,decreasing
2024-11-01,13,Germany,Baltic Sea,4 Star,177.0,25363.41,213.33,34804.28,-17.67,-684.2,-0.08,-0.02,decreasing
2024-12-01,13,Germany,Baltic Sea,4 Star,186.0,24338.29,189.33,28703.4,-24.0,-6100.88,-0.11,-0.18,decreasing
2025-01-01,13,Germany,Baltic Sea,4 Star,144.0,15260.78,169.0,21654.16,-20.33,-7049.24,-0.11,-0.25,decreasing
2025-02-01,13,Germany,Baltic Sea,4 Star,159.0,25221.79,163.0,21606.95,-6.0,-47.21,-0.04,-0.0,decreasing
2025-03-01,13,Germany,Baltic Sea,4 Star,223.0,23395.87,175.33,21292.81,12.33,-314.14,0.08,-0.01,"leads increase, revenue decrease"
2025-04-01,13,Germany,Baltic Sea,4 Star,202.0,35187.97,194.67,27935.21,19.33,6642.4,0.11,0.31,increasing
2025-05-01,13,Germany,Baltic Sea,4 Star,202.0,39252.64,209.0,32612.16,14.33,4676.95,0.07,0.17,increasing
2025-06-01,13,Germany,Baltic Sea,4 Star,334.0,47121.29,246.0,40520.63,37.0,7908.47,0.18,0.24,increasing
2025-07-01,13,Germany,Baltic Sea,4 Star,276.0,41721.21,270.67,42698.38,24.67,2177.75,0.1,0.05,increasing
2025-08-01,13,Germany,Baltic Sea,4 Star,243.0,35609.33,284.33,41483.94,13.67,-1214.44,0.05,-0.03,"leads increase, revenue decrease"
2025-09-01,13,Germany,Baltic Sea,4 Star,277.0,33925.25,265.33,37085.26,-19.0,-4398.68,-0.07,-0.11,decreasing
2025-10-01,13,Germany,Baltic Sea,4 Star,181.0,39438.16,233.67,36324.25,-31.67,-761.02,-0.12,-0.02,decreasing
2025-11-01,13,Germany,Baltic Sea,4 Star,176.0,32192.21,211.33,35185.21,-22.33,-1139.04,-0.1,-0.03,decreasing
2025-12-01,13,Germany,Baltic Sea,4 Star,188.0,26852.88,181.67,32827.75,-29.67,-2357.46,-0.14,-0.07,decreasing
2024-01-01,14,Greece,Kos,3 Star,577.0,39817.89,577.0,39817.89,,,,,Trend not possible
2024-02-01,14,Greece,Kos,3 Star,533.0,46829.81,555.0,43323.85,-22.0,3505.96,-0.04,0.09,Trend not possible
2024-03-01,14,Greece,Kos,3 Star,619.0,45350.87,576.33,43999.52,21.33,675.67,0.04,0.02,increasing
2024-04-01,14,Greece,Kos,3 Star,751.0,39873.84,634.33,44018.17,58.0,18.65,0.1,0.0,increasing
2024-05-01,14,Greece,Kos,3 Star,631.0,55017.33,667.0,46747.35,32.67,2729.17,0.05,0.06,increasing
2024-06-01,14,Greece,Kos,3 Star,741.0,100316.32,707.67,65069.16,40.67,18321.82,0.06,0.39,increasing
2024-07-01,14,Greece,Kos,3 Star,995.0,85365.9,789.0,80233.18,81.33,15164.02,0.11,0.23,increasing
2024-08-01,14,Greece,Kos,3 Star,750.0,115528.64,828.67,100403.62,39.67,20170.44,0.05,0.25,increasing
2024-09-01,14,Greece,Kos,3 Star,854.0,65830.96,866.33,88908.5,37.67,-11495.12,0.05,-0.11,"leads increase, revenue decrease"
2024-10-01,14,Greece,Kos,3 Star,541.0,83953.03,715.0,88437.54,-151.33,-470.96,-0.17,-0.01,decreasing
2024-11-01,14,Greece,Kos,3 Star,498.0,75313.68,631.0,75032.56,-84.0,-13404.99,-0.12,-0.15,decreasing
2024-12-01,14,Greece,Kos,3 Star,716.0,65218.11,585.0,74828.27,-46.0,-204.28,-0.07,-0.0,decreasing
2025-01-01,14,Greece,Kos,3 Star,476.0,62304.39,563.33,67612.06,-21.67,-7216.21,-0.04,-0.1,decreasing
2025-02-01,14,Greece,Kos,3 Star,533.0,82735.55,575.0,70086.02,11.67,2473.96,0.02,0.04,increasing
2025-03-01,14,Greece,Kos,3 Star,656.0,87274.12,555.0,77438.02,-20.0,7352.0,-0.03,0.1,"leads decrease, revenue increase"
2025-04-01,14,Greece,Kos,3 Star,585.0,62001.28,591.33,77336.98,36.33,-101.04,0.07,-0.0,"leads increase, revenue decrease"
2025-05-01,14,Greece,Kos,3 Star,754.0,97130.3,665.0,82135.23,73.67,4798.25,0.12,0.06,increasing
2025-06-01,14,Greece,Kos,3 Star,954.0,125982.23,764.33,95037.94,99.33,12902.7,0.15,0.16,increasing
2025-07-01,14,Greece,Kos,3 Star,791.0,127841.17,833.0,116984.57,68.67,21946.63,0.09,0.23,increasing
2025-08-01,14,Greece,Kos,3 Star,808.0,99650.52,851.0,117824.64,18.0,840.07,0.02,0.01,increasing
2025-09-01,14,Greece,Kos,3 Star,828.0,99522.97,809.0,109004.89,-42.0,-8819.75,-0.05,-0.07,decreasing
2025-10-01,14,Greece,Kos,3 Star,610.0,88836.47,748.67,96003.32,-60.33,-13001.57,-0.07,-0.12,decreasing
2025-11-01,14,Greece,Kos,3 Star,532.0,71458.97,656.67,86606.14,-92.0,-9397.18,-0.12,-0.1,decreasing
2025-12-01,14,Greece,Kos,3 Star,601.0,78205.33,581.0,79500.26,-75.67,-7105.88,-0.12,-0.08,decreasing
2024-01-01,15,Austria,Tyrol,4 Star,352.0,31218.69,352.0,31218.69,,,,,Trend not possible
2024-02-01,15,Austria,Tyrol,4 Star,242.0,37885.42,297.0,34552.06,-55.0,3333.37,-0.16,0.11,Trend not possible
2024-03-01,15,Austria,Tyrol,4 Star,192.0,22119.03,262.0,30407.71,-35.0,-4144.34,-0.12,-0.12,decreasing
2024-04-01,15,Austria,Tyrol,4 Star,179.0,15728.2,204.33,25244.22,-57.67,-5163.5,-0.22,-0.17,decreasing
2024-05-01,15,Austria,Tyrol,4 Star,132.0,17619.44,167.67,18488.89,-36.67,-6755.33,-0.18,-0.27,decreasing
2024-06-01,15,Austria,Tyrol,4 Star,160.0,17221.14,157.0,16856.26,-10.67,-1632.63,-0.06,-0.09,decreasing
2024-07-01,15,Austria,Tyrol,4 Star,249.0,25863.74,180.33,20234.77,23.33,3378.51,0.15,0.2,increasing
2024-08-01,15,Austria,Tyrol,4 Star,196.0,19233.35,201.67,20772.74,21.33,537.97,0.12,0.03,increasing
2024-09-01,15,Austria,Tyrol,4 Star,188.0,14454.14,211.0,19850.41,9.33,-922.33,0.05,-0.04,"leads increase, revenue decrease"
2024-10-01,15,Austria,Tyrol,4 Star,138.0,17908.46,174.0,17198.65,-37.0,-2651.76,-0.18,-0.13,decreasing
2024-11-01,15,Austria,Tyrol,4 Star,196.0,32519.11,174.0,21627.24,0.0,4428.59,0.0,0.26,stable/mixed
2024-12-01,15,Austria,Tyrol,4 Star,370.0,30817.19,234.67,27081.59,60.67,5454.35,0.35,0.25,increasing
2025-01-01,15,Austria,Tyrol,4 Star,274.0,27668.86,280.0,30335.05,45.33,3253.47,0.19,0.12,increasing
2025-02-01,15,Austria,Tyrol,4 Star,243.0,27423.39,295.67,28636.48,15.67,-1698.57,0.06,-0.06,"leads increase, revenue decrease"
2025-03-01,15,Austria,Tyrol,4 Star,260.0,20702.0,259.0,25264.75,-36.67,-3371.73,-0.12,-0.12,decreasing
2025-04-01,15,Austria,Tyrol,4 Star,142.0,16620.15,215.0,21581.85,-44.0,-3682.9,-0.17,-0.15,decreasing
2025-05-01,15,Austria,Tyrol,4 Star,118.0,19479.78,173.33,18933.98,-41.67,-2647.87,-0.19,-0.12,decreasing
2025-06-01,15,Austria,Tyrol,4 Star,201.0,25145.95,153.67,20415.29,-19.67,1481.32,-0.11,0.08,"leads decrease, revenue increase"
2025-07-01,15,Austria,Tyrol,4 Star,199.0,29037.91,172.67,24554.55,19.0,4139.25,0.12,0.2,increasing
2025-08-01,15,Austria,Tyrol,4 Star,186.0,18980.81,195.33,24388.22,22.67,-166.32,0.13,-0.01,"leads increase, revenue decrease"
2025-09-01,15,Austria,Tyrol,4 Star,201.0,16654.4,195.33,21557.71,0.0,-2830.52,0.0,-0.12,stable/mixed
2025-10-01,15,Austria,Tyrol,4 Star,147.0,20697.35,178.0,18777.52,-17.33,-2780.19,-0.09,-0.13,decreasing
2025-11-01,15,Austria,Tyrol,4 Star,210.0,20588.5,186.0,19313.42,8.0,535.9,0.04,0.03,increasing
2025-12-01,15,Austria,Tyrol,4 Star,354.0,43064.54,237.0,28116.8,51.0,8803.38,0.27,0.46,increasing
2024-01-01,16,United Arab Emirates,Dubai,5 Star,212.0,104362.02,212.0,104362.02,,,,,Trend not possible
2024-02-01,16,United Arab Emirates,Dubai,5 Star,184.0,92219.1,198.0,98290.56,-14.0,-6071.46,-0.07,-0.06,Trend not possible
2024-03-01,16,United Arab Emirates,Dubai,5 Star,210.0,90193.68,202.0,95591.6,4.0,-2698.96,0.02,-0.03,"leads increase, revenue decrease"
2024-04-01,16,United Arab Emirates,Dubai,5 Star,307.0,108218.14,233.67,96876.97,31.67,1285.37,0.16,0.01,increasing
2024-05-01,16,United Arab Emirates,Dubai,5 Star,242.0,150847.24,253.0,116419.69,19.33,19542.71,0.08,0.2,increasing
2024-06-01,16,United Arab Emirates,Dubai,5 Star,299.0,154815.41,282.67,137960.26,29.67,21540.58,0.12,0.19,increasing
2024-07-01,16,United Arab Emirates,Dubai,5 Star,411.0,177812.12,317.33,161158.26,34.67,23197.99,0.12,0.17,increasing
2024-08-01,16,United Arab Emirates,Dubai,5 Star,306.0,195108.3,338.67,175911.94,21.33,14753.69,0.07,0.09,increasing
2024-09-01,16,United Arab Emirates,Dubai,5 Star,335.0,110088.33,350.67,161002.92,12.0,-14909.03,0.04,-0.08,"leads increase, revenue decrease"
2024-10-01,16,United Arab Emirates,Dubai,5 Star,204.0,103835.69,281.67,136344.11,-69.0,-24658.81,-0.2,-0.15,decreasing
2024-11-01,16,United Arab Emirates,Dubai,5 Star,217.0,144499.81,252.0,119474.61,-29.67,-16869.5,-0.11,-0.12,decreasing
2024-12-01,16,United Arab Emirates,Dubai,5 Star,231.0,92395.53,217.33,113577.01,-34.67,-5897.6,-0.14,-0.05,decreasing
2025-01-01,16,United Arab Emirates,Dubai,5 Star,191.0,92923.68,213.0,109939.67,-4.33,-3637.34,-0.02,-0.03,decreasing
2025-02-01,16,United Arab Emirates,Dubai,5 Star,191.0,113551.92,204.33,99623.71,-8.67,-10315.96,-0.04,-0.09,decreasing
2025-03-01,16,United Arab Emirates,Dubai,5 Star,279.0,146791.47,220.33,117755.69,16.0,18131.98,0.08,0.18,increasing
2025-04-01,16,United Arab Emirates,Dubai,5 Star,217.0,145575.87,229.0,135306.42,8.67,17550.73,0.04,0.15,increasing
2025-05-01,16,United Arab Emirates,Dubai,5 Star,277.0,138369.97,257.67,143579.1,28.67,8272.68,0.13,0.06,increasing
2025-06-01,16,United Arab Emirates,Dubai,5 Star,370.0,165312.95,288.0,149752.93,30.33,6173.83,0.12,0.04,increasing
2025-07-01,16,United Arab Emirates,Dubai,5 Star,332.0,227371.01,326.33,177017.98,38.33,27265.05,0.13,0.18,increasing
2025-08-01,16,United Arab Emirates,Dubai,5 Star,332.0,210663.25,344.67,201115.74,18.33,24097.76,0.06,0.14,increasing
2025-09-01,16,United Arab Emirates,Dubai,5 Star,350.0,200806.55,338.0,212946.94,-6.67,11831.2,-0.02,0.06,"leads decrease, revenue increase"
2025-10-01,16,United Arab Emirates,Dubai,5 Star,244.0,135798.98,308.67,182422.93,-29.33,-30524.01,-0.09,-0.14,decreasing
2025-11-01,16,United Arab Emirates,Dubai,5 Star,228.0,118662.88,274.0,151756.14,-34.67,-30666.79,-0.11,-0.17,decreasing
2025-12-01,16,United Arab Emirates,Dubai,5 Star,274.0,140748.55,248.67,131736.8,-25.33,-20019.33,-0.09,-0.13,decreasing
2024-01-01,17,Tunisia,Djerba,4 Star,118.0,45152.63,118.0,45152.63,,,,,Trend not possible
2024-02-01,17,Tunisia,Djerba,4 Star,102.0,35852.1,110.0,40502.37,-8.0,-4650.26,-0.07,-0.1,Trend not possible
2024-03-01,17,Tunisia,Djerba,4 Star,122.0,49534.96,114.0,43513.23,4.0,3010.86,0.04,0.07,increasing
2024-04-01,17,Tunisia,Djerba,4 Star,153.0,45812.42,125.67,43733.16,11.67,219.93,0.1,0.01,increasing
2024-05-01,17,Tunisia,Djerba,4 Star,144.0,54955.57,139.67,50100.98,14.0,6367.82,0.11,0.15,increasing
2024-06-01,17,Tunisia,Djerba,4 Star,146.0,79807.75,147.67,60191.91,8.0,10090.93,0.06,0.2,increasing
2024-07-01,17,Tunisia,Djerba,4 Star,210.0,93103.21,166.67,75955.51,19.0,15763.6,0.13,0.26,increasing
2024-08-01,17,Tunisia,Djerba,4 Star,167.0,93453.48,174.33,88788.15,7.67,12832.64,0.05,0.17,increasing
2024-09-01,17,Tunisia,Djerba,4 Star,169.0,49591.62,182.0,78716.1,7.67,-10072.04,0.04,-0.11,"leads increase, revenue decrease"
2024-10-01,17,Tunisia,Djerba,4 Star,119.0,49569.32,151.67,64204.81,-30.33,-14511.3,-0.17,-0.18,decreasing
2024-11-01,17,Tunisia,Djerba,4 Star,107.0,45102.26,131.67,48087.73,-20.0,-16117.07,-0.13,-0.25,decreasing
2024-12-01,17,Tunisia,Djerba,4 Star,123.0,57936.04,116.33,50869.21,-15.33,2781.47,-0.12,0.06,"leads decrease, revenue increase"
2025-01-01,17,Tunisia,Djerba,4 Star,108.0,48701.65,112.67,50579.98,-3.67,-289.22,-0.03,-0.01,decreasing
2025-02-01,17,Tunisia,Djerba,4 Star,117.0,49635.54,116.0,52091.08,3.33,1511.09,0.03,0.03,increasing
2025-03-01,17,Tunisia,Djerba,4 Star,143.0,66440.97,122.67,54926.05,6.67,2834.98,0.06,0.05,increasing
2025-04-01,17,Tunisia,Djerba,4 Star,132.0,58243.33,130.67,58106.61,8.0,3180.56,0.07,0.06,increasing
2025-05-01,17,Tunisia,Djerba,4 Star,137.0,57917.93,137.33,60867.41,6.67,2760.8,0.05,0.05,increasing
2025-06-01,17,Tunisia,Djerba,4 Star,216.0,97237.18,161.67,71132.81,24.33,10265.4,0.18,0.17,increasing
2025-07-01,17,Tunisia,Djerba,4 Star,167.0,102769.6,173.33,85974.9,11.67,14842.09,0.07,0.21,increasing
2025-08-01,17,Tunisia,Djerba,4 Star,163.0,81145.73,182.0,93717.5,8.67,7742.6,0.05,0.09,increasing
2025-09-01,17,Tunisia,Djerba,4 Star,199.0,67105.98,176.33,83673.77,-5.67,-10043.73,-0.03,-0.11,decreasing
2025-10-01,17,Tunisia,Djerba,4 Star,128.0,68062.03,163.33,72104.58,-13.0,-11569.19,-0.07,-0.14,decreasing
2025-11-01,17,Tunisia,Djerba,4 Star,112.0,48417.6,146.33,61195.2,-17.0,-10909.38,-0.1,-0.15,decreasing
2025-12-01,17,Tunisia,Djerba,4 Star,140.0,57437.47,126.67,57972.37,-19.67,-3222.84,-0.13,-0.05,decreasing
2024-01-01,18,Spain,Ibiza,4 Star,168.0,32184.56,168.0,32184.56,,,,,Trend not possible
2024-02-01,18,Spain,Ibiza,4 Star,176.0,47950.42,172.0,40067.49,4.0,7882.93,0.02,0.24,Trend not possible
2024-03-01,18,Spain,Ibiza,4 Star,250.0,42277.86,198.0,40804.28,26.0,736.79,0.15,0.02,increasing
2024-04-01,18,Spain,Ibiza,4 Star,426.0,60820.98,284.0,50349.75,86.0,9545.47,0.43,0.23,increasing
2024-05-01,18,Spain,Ibiza,4 Star,482.0,87476.44,386.0,63525.09,102.0,13175.34,0.36,0.26,increasing
2024-06-01,18,Spain,Ibiza,4 Star,527.0,145061.94,478.33,97786.45,92.33,34261.36,0.24,0.54,increasing
2024-07-01,18,Spain,Ibiza,4 Star,757.0,136565.99,588.67,123034.79,110.33,25248.34,0.23,0.26,increasing
2024-08-01,18,Spain,Ibiza,4 Star,529.0,138281.32,604.33,139969.75,15.67,16934.96,0.03,0.14,increasing
2024-09-01,18,Spain,Ibiza,4 Star,509.0,93563.53,598.33,122803.61,-6.0,-17166.14,-0.01,-0.12,decreasing
2024-10-01,18,Spain,Ibiza,4 Star,269.0,49535.71,435.67,93793.52,-162.67,-29010.09,-0.27,-0.24,decreasing
2024-11-01,18,Spain,Ibiza,4 Star,172.0,31319.89,316.67,58139.71,-119.0,-35653.81,-0.27,-0.38,decreasing
2024-12-01,18,Spain,Ibiza,4 Star,168.0,29494.7,203.0,36783.43,-113.67,-21356.28,-0.36,-0.37,decreasing
2025-01-01,18,Spain,Ibiza,4 Star,145.0,36798.89,161.67,32537.83,-41.33,-4245.61,-0.2,-0.12,decreasing
2025-02-01,18,Spain,Ibiza,4 Star,172.0,39457.1,161.67,35250.23,0.0,2712.4,0.0,0.08,stable/mixed
2025-03-01,18,Spain,Ibiza,4 Star,332.0,79701.74,216.33,51985.91,54.67,16735.68,0.34,0.47,increasing
2025-04-01,18,Spain,Ibiza,4 Star,311.0,78548.22,271.67,65902.35,55.33,13916.44,0.26,0.27,increasing
2025-05-01,18,Spain,Ibiza,4 Star,448.0,115621.52,363.67,91290.49,92.0,25388.14,0.34,0.39,increasing
2025-06-01,18,Spain,Ibiza,4 Star,668.0,130523.77,475.67,108231.17,112.0,16940.68,0.31,0.19,increasing
2025-07-01,18,Spain,Ibiza,4 Star,462.0,166816.97,526.0,137654.09,50.33,29422.92,0.11,0.27,increasing
2025-08-01,18,Spain,Ibiza,4 Star,418.0,107692.93,516.0,135011.22,-10.0,-2642.86,-0.02,-0.02,decreasing
2025-09-01,18,Spain,Ibiza,4 Star,400.0,91863.72,426.67,122124.54,-89.33,-12886.68,-0.17,-0.1,decreasing
2025-10-01,18,Spain,Ibiza,4 Star,198.0,57938.04,338.67,85831.56,-88.0,-36292.98,-0.21,-0.3,decreasing
2025-11-01,18,Spain,Ibiza,4 Star,132.0,49381.64,243.33,66394.47,-95.33,-19437.1,-0.28,-0.23,decreasing
2025-12-01,18,Spain,Ibiza,4 Star,125.0,35859.69,151.67,47726.46,-91.67,-18668.01,-0.38,-0.28,decreasing
2024-01-01,19,Bulgaria,Golden Sands,3 Star,72.0,36526.64,72.0,36526.64,,,,,Trend not possible
2024-02-01,19,Bulgaria,Golden Sands,3 Star,69.0,56529.92,70.5,46528.28,-1.5,10001.64,-0.02,0.27,Trend not possible
2024-03-01,19,Bulgaria,Golden Sands,3 Star,73.0,63755.15,71.33,52270.57,0.83,5742.29,0.01,0.12,increasing
2024-04-01,19,Bulgaria,Golden Sands,3 Star,90.0,65305.99,77.33,61863.69,6.0,9593.12,0.08,0.18,increasing
2024-05-01,19,Bulgaria,Golden Sands,3 Star,80.0,93929.38,81.0,74330.17,3.67,12466.49,0.05,0.2,increasing
2024-06-01,19,Bulgaria,Golden Sands,3 Star,95.0,70963.63,88.33,76733.0,7.33,2402.83,0.09,0.03,increasing
2024-07-01,19,Bulgaria,Golden Sands,3 Star,123.0,100589.49,99.33,88494.17,11.0,11761.17,0.12,0.15,increasing
2024-08-01,19,Bulgaria,Golden Sands,3 Star,107.0,82629.3,108.33,84727.47,9.0,-3766.69,0.09,-0.04,"leads increase, revenue decrease"
2024-09-01,19,Bulgaria,Golden Sands,3 Star,102.0,80613.8,110.67,87944.2,2.33,3216.72,0.02,0.04,increasing
2024-10-01,19,Bulgaria,Golden Sands,3 Star,58.0,70299.9,89.0,77847.67,-21.67,-10096.53,-0.2,-0.11,decreasing
2024-11-01,19,Bulgaria,Golden Sands,3 Star,66.0,53479.81,75.33,68131.17,-13.67,-9716.5,-0.15,-0.12,decreasing
2024-12-01,19,Bulgaria,Golden Sands,3 Star,77.0,52123.84,67.0,58634.52,-8.33,-9496.65,-0.11,-0.14,decreasing
2025-01-01,19,Bulgaria,Golden Sands,3 Star,63.0,50832.97,68.67,52145.54,1.67,-6488.98,0.02,-0.11,"leads increase, revenue decrease"
2025-02-01,19,Bulgaria,Golden Sands,3 Star,67.0,79437.39,69.0,60798.07,0.33,8652.53,0.0,0.17,increasing
2025-03-01,19,Bulgaria,Golden Sands,3 Star,84.0,98594.86,71.33,76288.41,2.33,15490.34,0.03,0.25,increasing
2025-04-01,19,Bulgaria,Golden Sands,3 Star,83.0,87588.92,78.0,88540.39,6.67,12251.98,0.09,0.16,increasing
2025-05-01,19,Bulgaria,Golden Sands,3 Star,103.0,66456.52,90.0,84213.43,12.0,-4326.96,0.15,-0.05,"leads increase, revenue decrease"
2025-06-01,19,Bulgaria,Golden Sands,3 Star,118.0,89720.19,101.33,81255.21,11.33,-2958.22,0.13,-0.04,"leads increase, revenue decrease"
2025-07-01,19,Bulgaria,Golden Sands,3 Star,118.0,105624.83,113.0,87267.18,11.67,6011.97,0.12,0.07,increasing
2025-08-01,19,Bulgaria,Golden Sands,3 Star,107.0,117570.79,114.33,104305.27,1.33,17038.09,0.01,0.2,increasing
2025-09-01,19,Bulgaria,Golden Sands,3 Star,108.0,86649.68,111.0,103281.77,-3.33,-1023.5,-0.03,-0.01,decreasing
2025-10-01,19,Bulgaria,Golden Sands,3 Star,67.0,65833.03,94.0,90017.83,-17.0,-13263.93,-0.15,-0.13,decreasing
2025-11-01,19,Bulgaria,Golden Sands,3 Star,73.0,53893.68,82.67,68792.13,-11.33,-21225.7,-0.12,-0.24,decreasing
2025-12-01,19,Bulgaria,Golden Sands,3 Star,75.0,58992.16,71.67,59572.96,-11.0,-9219.17,-0.13,-0.13,decreasing
2024-01-01,20,Cyprus,Paphos,4 Star,0.0,56844.33,0.0,56844.33,,,,,Trend not possible
2024-02-01,20,Cyprus,Paphos,4 Star,0.0,60250.99,0.0,58547.66,0.0,1703.33,,0.03,Trend not possible
2024-03-01,20,Cyprus,Paphos,4 Star,0.0,38990.93,0.0,52028.75,0.0,-6518.91,,-0.11,stable/mixed
2024-04-01,20,Cyprus,Paphos,4 Star,0.0,66793.92,0.0,55345.28,0.0,3316.53,,0.06,stable/mixed
2024-05-01,20,Cyprus,Paphos,4 Star,0.0,66942.92,0.0,57575.92,0.0,2230.64,,0.04,stable/mixed
2024-06-01,20,Cyprus,Paphos,4 Star,0.0,83655.31,0.0,72464.05,0.0,14888.13,,0.26,stable/mixed
2024-07-01,20,Cyprus,Paphos,4 Star,0.0,102827.39,0.0,84475.21,0.0,12011.16,,0.17,stable/mixed
2024-08-01,20,Cyprus,Paphos,4 Star,0.0,77585.25,0.0,88022.65,0.0,3547.44,,0.04,stable/mixed
2024-09-01,20,Cyprus,Paphos,4 Star,0.0,57097.75,0.0,79170.13,0.0,-8852.52,,-0.1,stable/mixed
2024-10-01,20,Cyprus,Paphos,4 Star,0.0,54677.91,0.0,63120.3,0.0,-16049.83,,-0.2,stable/mixed
2024-11-01,20,Cyprus,Paphos,4 Star,0.0,59465.76,0.0,57080.47,0.0,-6039.83,,-0.1,stable/mixed
2024-12-01,20,Cyprus,Paphos,4 Star,0.0,67705.32,0.0,60616.33,0.0,3535.86,,0.06,stable/mixed
2025-01-01,20,Cyprus,Paphos,4 Star,0.0,60736.81,0.0,62635.96,0.0,2019.63,,0.03,stable/mixed
2025-02-01,20,Cyprus,Paphos,4 Star,0.0,57450.91,0.0,61964.35,0.0,-671.62,,-0.01,stable/mixed
2025-03-01,20,Cyprus,Paphos,4 Star,0.0,72334.33,0.0,63507.35,0.0,1543.0,,0.02,stable/mixed
2025-04-01,20,Cyprus,Paphos,4 Star,0.0,74378.53,0.0,68054.59,0.0,4547.24,,0.07,stable/mixed
2025-05-01,20,Cyprus,Paphos,4 Star,0.0,77198.1,0.0,74636.99,0.0,6582.4,,0.1,stable/mixed
2025-06-01,20,Cyprus,Paphos,4 Star,0.0,98829.99,0.0,83468.87,0.0,8831.89,,0.12,stable/mixed
2025-07-01,20,Cyprus,Paphos,4 Star,0.0,91909.27,0.0,89312.45,0.0,5843.58,,0.07,stable/mixed
2025-08-01,20,Cyprus,Paphos,4 Star,0.0,73245.84,0.0,87995.03,0.0,-1317.42,,-0.01,stable/mixed
2025-09-01,20,Cyprus,Paphos,4 Star,0.0,67893.87,0.0,77682.99,0.0,-10312.04,,-0.12,stable/mixed
2025-10-01,20,Cyprus,Paphos,4 Star,0.0,59071.87,0.0,66737.19,0.0,-10945.8,,-0.14,stable/mixed
2025-11-01,20,Cyprus,Paphos,4 Star,0.0,79862.86,0.0,68942.87,0.0,2205.67,,0.03,stable/mixed
2025-12-01,20,Cyprus,Paphos,4 Star,0.0,57640.45,0.0,65525.06,0.0,-3417.81,,-0.05,stable/mixed
